company,allowed,fraction,strategy,recall@10,p50_ms,p99_ms
AmazonHelp,105998,0.11872535842293906,post,0.9795,0.953461501012498,14.893711089498535
AmazonHelp,105998,0.11872535842293906,in-graph,0.9825,0.4558869995889836,14.057084879241275
AmazonHelp,105998,0.11872535842293906,exact,1.0,11.617193500569556,14.687332149460358
Uber_Support,44363,0.049689740143369174,post,0.9745000000000001,0.4991784999219817,4.2717848200118125
Uber_Support,44363,0.049689740143369174,in-graph,0.975,0.4200769999442855,1.261294619671385
Uber_Support,44363,0.049689740143369174,exact,1.0,6.13491750027606,7.62946036933497
Delta,27727,0.03105622759856631,post,0.9775,0.5280084997139056,5.649058770559245
Delta,27727,0.03105622759856631,in-graph,0.9865,0.4447605006134836,3.190655610160179
Delta,27727,0.03105622759856631,exact,1.0,4.260861500370083,5.429194709522561
VirginTrains,17287,0.019362679211469534,post,0.9954999999999999,0.3723780000655097,3.456411990773628
VirginTrains,17287,0.019362679211469534,in-graph,0.9954999999999999,0.3771265000978019,1.04299003993219
VirginTrains,17287,0.019362679211469534,exact,1.0,2.7207150005779113,3.5959327792261315
McDonalds,8334,0.009334677419354839,post,0.97,0.3124485001535504,3.0188586602525853
McDonalds,8334,0.009334677419354839,in-graph,0.9954999999999999,0.3053440004805452,4.461881001025073
McDonalds,8334,0.009334677419354839,exact,1.0,1.7201200007548323,2.2893519893841554
DropboxSupport,3732,0.00418010752688172,post,0.978,0.4237729990563821,1.6141057609820553
DropboxSupport,3732,0.00418010752688172,in-graph,0.9960000000000001,0.3009669990206021,4.4380051302323285
DropboxSupport,3732,0.00418010752688172,exact,1.0,0.6212530006450834,1.115598470005352
TfL,1663,0.001862679211469534,post,0.9195,0.43446850031614304,1.5936193696325054
TfL,1663,0.001862679211469534,in-graph,0.9915,1.9121490004181396,40.58985974044825
TfL,1663,0.001862679211469534,exact,1.0,0.3911730000254465,0.6405090100997737
AskRobinhood,389,0.0004357078853046595,post,0.883,0.37926049935776973,0.7864761604287184
AskRobinhood,389,0.0004357078853046595,in-graph,1.0,13.399890000073356,195.9661616788612
AskRobinhood,389,0.0004357078853046595,exact,1.0,0.26692050050769467,0.381677010664134
CarlsJr,166,0.00018593189964157707,post,0.8144578313253014,0.3685845003928989,1.002987748961458
CarlsJr,166,0.00018593189964157707,in-graph,0.9993975903614458,43.84990149992518,431.95552105053133
CarlsJr,166,0.00018593189964157707,exact,1.0,0.24798349932098063,0.47388850007337163
HotelTonightCX,127,0.00014224910394265234,post,0.8795275590551183,0.35843499972543214,0.49513313973875467
HotelTonightCX,127,0.00014224910394265234,in-graph,1.0,671.5220309997676,753.91440773903
HotelTonightCX,127,0.00014224910394265234,exact,1.0,0.23561700072605163,0.3045221390857477
