id,type,mode,filtered,first_gold_rank
q001,policy,vector,False,7.0
q002,howto,vector,False,1.0
q003,howto,vector,False,
q005,troubleshooting,vector,False,
q006,policy,vector,False,11.0
q007,howto,vector,False,
q008,incident,vector,False,
q009,policy,vector,False,
q010,howto,vector,False,
q011,product,vector,False,36.0
q012,troubleshooting,vector,False,1.0
q013,howto,vector,False,1.0
q014,product,vector,False,
q015,troubleshooting,vector,False,1.0
q016,policy,vector,False,2.0
q017,policy,vector,False,6.0
q018,howto,vector,False,
q019,howto,vector,False,3.0
q020,howto,vector,False,3.0
q021,policy,vector,False,1.0
q022,policy,vector,False,4.0
q023,policy,vector,False,
q025,howto,vector,False,1.0
q026,incident,vector,False,
q027,policy,vector,False,1.0
q028,policy,vector,False,
q029,incident,vector,False,20.0
q030,product,vector,False,1.0
q031,policy,vector,False,1.0
q032,howto,vector,False,2.0
q033,policy,vector,False,
q034,policy,vector,False,
q035,policy,vector,False,
q036,policy,vector,False,1.0
q037,incident,vector,False,1.0
q038,policy,vector,False,
q039,policy,vector,False,1.0
q040,troubleshooting,vector,False,26.0
q041,policy,vector,False,22.0
q042,product,vector,False,
q043,howto,vector,False,1.0
q044,policy,vector,False,15.0
q045,policy,vector,False,1.0
q046,troubleshooting,vector,False,2.0
q047,troubleshooting,vector,False,15.0
q048,product,vector,False,26.0
q049,product,vector,False,
q050,product,vector,False,2.0
q051,product,vector,False,4.0
q052,troubleshooting,vector,False,3.0
q053,policy,vector,False,1.0
q054,troubleshooting,vector,False,1.0
q055,troubleshooting,vector,False,3.0
q056,troubleshooting,vector,False,1.0
q057,incident,vector,False,
q058,policy,vector,False,7.0
q059,troubleshooting,vector,False,
q060,troubleshooting,vector,False,20.0
q061,troubleshooting,vector,False,2.0
q062,troubleshooting,vector,False,2.0
q063,policy,vector,False,1.0
q065,policy,vector,False,1.0
q066,howto,vector,False,1.0
q067,product,vector,False,23.0
q068,policy,vector,False,28.0
q069,incident,vector,False,1.0
q070,policy,vector,False,8.0
q071,policy,vector,False,2.0
q072,howto,vector,False,
q073,howto,vector,False,
q074,howto,vector,False,1.0
q075,policy,vector,False,1.0
q076,troubleshooting,vector,False,38.0
q077,policy,vector,False,10.0
q078,policy,vector,False,4.0
q079,incident,vector,False,1.0
q080,howto,vector,False,
q081,policy,vector,False,1.0
q083,howto,vector,False,10.0
q084,howto,vector,False,1.0
q085,policy,vector,False,
q086,troubleshooting,vector,False,
q087,troubleshooting,vector,False,26.0
q088,product,vector,False,
q089,product,vector,False,1.0
q090,policy,vector,False,16.0
q001,policy,bm25,False,10.0
q002,howto,bm25,False,
q003,howto,bm25,False,
q005,troubleshooting,bm25,False,2.0
q006,policy,bm25,False,12.0
q007,howto,bm25,False,
q008,incident,bm25,False,
q009,policy,bm25,False,
q010,howto,bm25,False,
q011,product,bm25,False,1.0
q012,troubleshooting,bm25,False,2.0
q013,howto,bm25,False,1.0
q014,product,bm25,False,6.0
q015,troubleshooting,bm25,False,7.0
q016,policy,bm25,False,1.0
q017,policy,bm25,False,1.0
q018,howto,bm25,False,1.0
q019,howto,bm25,False,24.0
q020,howto,bm25,False,4.0
q021,policy,bm25,False,2.0
q022,policy,bm25,False,7.0
q023,policy,bm25,False,
q025,howto,bm25,False,1.0
q026,incident,bm25,False,
q027,policy,bm25,False,1.0
q028,policy,bm25,False,6.0
q029,incident,bm25,False,1.0
q030,product,bm25,False,
q031,policy,bm25,False,1.0
q032,howto,bm25,False,34.0
q033,policy,bm25,False,
q034,policy,bm25,False,
q035,policy,bm25,False,
q036,policy,bm25,False,1.0
q037,incident,bm25,False,1.0
q038,policy,bm25,False,19.0
q039,policy,bm25,False,
q040,troubleshooting,bm25,False,
q041,policy,bm25,False,16.0
q042,product,bm25,False,
q043,howto,bm25,False,1.0
q044,policy,bm25,False,19.0
q045,policy,bm25,False,6.0
q046,troubleshooting,bm25,False,
q047,troubleshooting,bm25,False,5.0
q048,product,bm25,False,48.0
q049,product,bm25,False,21.0
q050,product,bm25,False,21.0
q051,product,bm25,False,2.0
q052,troubleshooting,bm25,False,19.0
q053,policy,bm25,False,1.0
q054,troubleshooting,bm25,False,1.0
q055,troubleshooting,bm25,False,1.0
q056,troubleshooting,bm25,False,1.0
q057,incident,bm25,False,
q058,policy,bm25,False,1.0
q059,troubleshooting,bm25,False,
q060,troubleshooting,bm25,False,
q061,troubleshooting,bm25,False,1.0
q062,troubleshooting,bm25,False,12.0
q063,policy,bm25,False,
q065,policy,bm25,False,
q066,howto,bm25,False,1.0
q067,product,bm25,False,3.0
q068,policy,bm25,False,4.0
q069,incident,bm25,False,3.0
q070,policy,bm25,False,
q071,policy,bm25,False,
q072,howto,bm25,False,
q073,howto,bm25,False,
q074,howto,bm25,False,2.0
q075,policy,bm25,False,20.0
q076,troubleshooting,bm25,False,4.0
q077,policy,bm25,False,3.0
q078,policy,bm25,False,5.0
q079,incident,bm25,False,5.0
q080,howto,bm25,False,
q081,policy,bm25,False,14.0
q083,howto,bm25,False,
q084,howto,bm25,False,1.0
q085,policy,bm25,False,
q086,troubleshooting,bm25,False,8.0
q087,troubleshooting,bm25,False,
q088,product,bm25,False,
q089,product,bm25,False,1.0
q090,policy,bm25,False,1.0
q001,policy,hybrid,False,4.0
q002,howto,hybrid,False,7.0
q003,howto,hybrid,False,
q005,troubleshooting,hybrid,False,6.0
q006,policy,hybrid,False,4.0
q007,howto,hybrid,False,
q008,incident,hybrid,False,
q009,policy,hybrid,False,
q010,howto,hybrid,False,
q011,product,hybrid,False,3.0
q012,troubleshooting,hybrid,False,1.0
q013,howto,hybrid,False,1.0
q014,product,hybrid,False,15.0
q015,troubleshooting,hybrid,False,1.0
q016,policy,hybrid,False,1.0
q017,policy,hybrid,False,1.0
q018,howto,hybrid,False,9.0
q019,howto,hybrid,False,2.0
q020,howto,hybrid,False,3.0
q021,policy,hybrid,False,1.0
q022,policy,hybrid,False,1.0
q023,policy,hybrid,False,
q025,howto,hybrid,False,1.0
q026,incident,hybrid,False,
q027,policy,hybrid,False,1.0
q028,policy,hybrid,False,6.0
q029,incident,hybrid,False,4.0
q030,product,hybrid,False,2.0
q031,policy,hybrid,False,1.0
q032,howto,hybrid,False,6.0
q033,policy,hybrid,False,
q034,policy,hybrid,False,
q035,policy,hybrid,False,
q036,policy,hybrid,False,1.0
q037,incident,hybrid,False,1.0
q038,policy,hybrid,False,38.0
q039,policy,hybrid,False,1.0
q040,troubleshooting,hybrid,False,
q041,policy,hybrid,False,6.0
q042,product,hybrid,False,
q043,howto,hybrid,False,1.0
q044,policy,hybrid,False,2.0
q045,policy,hybrid,False,2.0
q046,troubleshooting,hybrid,False,26.0
q047,troubleshooting,hybrid,False,3.0
q048,product,hybrid,False,11.0
q049,product,hybrid,False,
q050,product,hybrid,False,4.0
q051,product,hybrid,False,2.0
q052,troubleshooting,hybrid,False,6.0
q053,policy,hybrid,False,1.0
q054,troubleshooting,hybrid,False,1.0
q055,troubleshooting,hybrid,False,1.0
q056,troubleshooting,hybrid,False,1.0
q057,incident,hybrid,False,
q058,policy,hybrid,False,1.0
q059,troubleshooting,hybrid,False,
q060,troubleshooting,hybrid,False,41.0
q061,troubleshooting,hybrid,False,1.0
q062,troubleshooting,hybrid,False,3.0
q063,policy,hybrid,False,8.0
q065,policy,hybrid,False,21.0
q066,howto,hybrid,False,1.0
q067,product,hybrid,False,10.0
q068,policy,hybrid,False,3.0
q069,incident,hybrid,False,1.0
q070,policy,hybrid,False,16.0
q071,policy,hybrid,False,5.0
q072,howto,hybrid,False,
q073,howto,hybrid,False,
q074,howto,hybrid,False,1.0
q075,policy,hybrid,False,4.0
q076,troubleshooting,hybrid,False,9.0
q077,policy,hybrid,False,4.0
q078,policy,hybrid,False,4.0
q079,incident,hybrid,False,2.0
q080,howto,hybrid,False,
q081,policy,hybrid,False,2.0
q083,howto,hybrid,False,47.0
q084,howto,hybrid,False,1.0
q085,policy,hybrid,False,
q086,troubleshooting,hybrid,False,19.0
q087,troubleshooting,hybrid,False,
q088,product,hybrid,False,
q089,product,hybrid,False,1.0
q090,policy,hybrid,False,1.0
q001,policy,vector,True,7.0
q002,howto,vector,True,1.0
q003,howto,vector,True,
q005,troubleshooting,vector,True,
q006,policy,vector,True,11.0
q007,howto,vector,True,
q008,incident,vector,True,
q009,policy,vector,True,
q010,howto,vector,True,
q011,product,vector,True,36.0
q012,troubleshooting,vector,True,1.0
q013,howto,vector,True,1.0
q014,product,vector,True,
q015,troubleshooting,vector,True,1.0
q016,policy,vector,True,2.0
q017,policy,vector,True,6.0
q018,howto,vector,True,
q019,howto,vector,True,3.0
q020,howto,vector,True,3.0
q021,policy,vector,True,1.0
q022,policy,vector,True,4.0
q023,policy,vector,True,
q025,howto,vector,True,1.0
q026,incident,vector,True,
q027,policy,vector,True,1.0
q028,policy,vector,True,
q029,incident,vector,True,19.0
q030,product,vector,True,1.0
q031,policy,vector,True,1.0
q032,howto,vector,True,2.0
q033,policy,vector,True,
q034,policy,vector,True,
q035,policy,vector,True,
q036,policy,vector,True,1.0
q037,incident,vector,True,1.0
q038,policy,vector,True,
q039,policy,vector,True,1.0
q040,troubleshooting,vector,True,26.0
q041,policy,vector,True,22.0
q042,product,vector,True,
q043,howto,vector,True,1.0
q044,policy,vector,True,15.0
q045,policy,vector,True,1.0
q046,troubleshooting,vector,True,2.0
q047,troubleshooting,vector,True,15.0
q048,product,vector,True,26.0
q049,product,vector,True,
q050,product,vector,True,2.0
q051,product,vector,True,4.0
q052,troubleshooting,vector,True,3.0
q053,policy,vector,True,1.0
q054,troubleshooting,vector,True,1.0
q055,troubleshooting,vector,True,3.0
q056,troubleshooting,vector,True,1.0
q057,incident,vector,True,
q058,policy,vector,True,7.0
q059,troubleshooting,vector,True,
q060,troubleshooting,vector,True,12.0
q061,troubleshooting,vector,True,2.0
q062,troubleshooting,vector,True,2.0
q063,policy,vector,True,1.0
q065,policy,vector,True,1.0
q066,howto,vector,True,1.0
q067,product,vector,True,23.0
q068,policy,vector,True,28.0
q069,incident,vector,True,1.0
q070,policy,vector,True,8.0
q071,policy,vector,True,2.0
q072,howto,vector,True,
q073,howto,vector,True,
q074,howto,vector,True,1.0
q075,policy,vector,True,1.0
q076,troubleshooting,vector,True,38.0
q077,policy,vector,True,10.0
q078,policy,vector,True,4.0
q079,incident,vector,True,1.0
q080,howto,vector,True,
q081,policy,vector,True,1.0
q083,howto,vector,True,10.0
q084,howto,vector,True,1.0
q085,policy,vector,True,
q086,troubleshooting,vector,True,
q087,troubleshooting,vector,True,25.0
q088,product,vector,True,
q089,product,vector,True,1.0
q090,policy,vector,True,9.0
q001,policy,bm25,True,9.0
q002,howto,bm25,True,
q003,howto,bm25,True,
q005,troubleshooting,bm25,True,2.0
q006,policy,bm25,True,11.0
q007,howto,bm25,True,
q008,incident,bm25,True,
q009,policy,bm25,True,
q010,howto,bm25,True,
q011,product,bm25,True,1.0
q012,troubleshooting,bm25,True,2.0
q013,howto,bm25,True,1.0
q014,product,bm25,True,5.0
q015,troubleshooting,bm25,True,6.0
q016,policy,bm25,True,1.0
q017,policy,bm25,True,1.0
q018,howto,bm25,True,1.0
q019,howto,bm25,True,24.0
q020,howto,bm25,True,3.0
q021,policy,bm25,True,2.0
q022,policy,bm25,True,4.0
q023,policy,bm25,True,
q025,howto,bm25,True,1.0
q026,incident,bm25,True,
q027,policy,bm25,True,1.0
q028,policy,bm25,True,4.0
q029,incident,bm25,True,1.0
q030,product,bm25,True,
q031,policy,bm25,True,1.0
q032,howto,bm25,True,34.0
q033,policy,bm25,True,
q034,policy,bm25,True,
q035,policy,bm25,True,
q036,policy,bm25,True,1.0
q037,incident,bm25,True,1.0
q038,policy,bm25,True,3.0
q039,policy,bm25,True,36.0
q040,troubleshooting,bm25,True,
q041,policy,bm25,True,10.0
q042,product,bm25,True,
q043,howto,bm25,True,1.0
q044,policy,bm25,True,19.0
q045,policy,bm25,True,5.0
q046,troubleshooting,bm25,True,
q047,troubleshooting,bm25,True,5.0
q048,product,bm25,True,45.0
q049,product,bm25,True,21.0
q050,product,bm25,True,21.0
q051,product,bm25,True,2.0
q052,troubleshooting,bm25,True,19.0
q053,policy,bm25,True,1.0
q054,troubleshooting,bm25,True,1.0
q055,troubleshooting,bm25,True,1.0
q056,troubleshooting,bm25,True,1.0
q057,incident,bm25,True,
q058,policy,bm25,True,1.0
q059,troubleshooting,bm25,True,
q060,troubleshooting,bm25,True,
q061,troubleshooting,bm25,True,1.0
q062,troubleshooting,bm25,True,8.0
q063,policy,bm25,True,33.0
q065,policy,bm25,True,
q066,howto,bm25,True,1.0
q067,product,bm25,True,3.0
q068,policy,bm25,True,4.0
q069,incident,bm25,True,3.0
q070,policy,bm25,True,
q071,policy,bm25,True,
q072,howto,bm25,True,
q073,howto,bm25,True,
q074,howto,bm25,True,1.0
q075,policy,bm25,True,18.0
q076,troubleshooting,bm25,True,4.0
q077,policy,bm25,True,3.0
q078,policy,bm25,True,5.0
q079,incident,bm25,True,5.0
q080,howto,bm25,True,
q081,policy,bm25,True,8.0
q083,howto,bm25,True,
q084,howto,bm25,True,1.0
q085,policy,bm25,True,
q086,troubleshooting,bm25,True,8.0
q087,troubleshooting,bm25,True,
q088,product,bm25,True,
q089,product,bm25,True,1.0
q090,policy,bm25,True,1.0
q001,policy,hybrid,True,4.0
q002,howto,hybrid,True,5.0
q003,howto,hybrid,True,
q005,troubleshooting,hybrid,True,6.0
q006,policy,hybrid,True,3.0
q007,howto,hybrid,True,
q008,incident,hybrid,True,
q009,policy,hybrid,True,
q010,howto,hybrid,True,
q011,product,hybrid,True,3.0
q012,troubleshooting,hybrid,True,1.0
q013,howto,hybrid,True,1.0
q014,product,hybrid,True,13.0
q015,troubleshooting,hybrid,True,1.0
q016,policy,hybrid,True,1.0
q017,policy,hybrid,True,1.0
q018,howto,hybrid,True,9.0
q019,howto,hybrid,True,2.0
q020,howto,hybrid,True,2.0
q021,policy,hybrid,True,1.0
q022,policy,hybrid,True,1.0
q023,policy,hybrid,True,
q025,howto,hybrid,True,1.0
q026,incident,hybrid,True,
q027,policy,hybrid,True,1.0
q028,policy,hybrid,True,7.0
q029,incident,hybrid,True,4.0
q030,product,hybrid,True,2.0
q031,policy,hybrid,True,1.0
q032,howto,hybrid,True,6.0
q033,policy,hybrid,True,
q034,policy,hybrid,True,
q035,policy,hybrid,True,
q036,policy,hybrid,True,1.0
q037,incident,hybrid,True,1.0
q038,policy,hybrid,True,23.0
q039,policy,hybrid,True,1.0
q040,troubleshooting,hybrid,True,
q041,policy,hybrid,True,7.0
q042,product,hybrid,True,
q043,howto,hybrid,True,1.0
q044,policy,hybrid,True,2.0
q045,policy,hybrid,True,1.0
q046,troubleshooting,hybrid,True,26.0
q047,troubleshooting,hybrid,True,3.0
q048,product,hybrid,True,11.0
q049,product,hybrid,True,
q050,product,hybrid,True,4.0
q051,product,hybrid,True,2.0
q052,troubleshooting,hybrid,True,6.0
q053,policy,hybrid,True,1.0
q054,troubleshooting,hybrid,True,1.0
q055,troubleshooting,hybrid,True,1.0
q056,troubleshooting,hybrid,True,1.0
q057,incident,hybrid,True,21.0
q058,policy,hybrid,True,1.0
q059,troubleshooting,hybrid,True,
q060,troubleshooting,hybrid,True,27.0
q061,troubleshooting,hybrid,True,1.0
q062,troubleshooting,hybrid,True,2.0
q063,policy,hybrid,True,10.0
q065,policy,hybrid,True,31.0
q066,howto,hybrid,True,1.0
q067,product,hybrid,True,10.0
q068,policy,hybrid,True,4.0
q069,incident,hybrid,True,1.0
q070,policy,hybrid,True,20.0
q071,policy,hybrid,True,3.0
q072,howto,hybrid,True,
q073,howto,hybrid,True,
q074,howto,hybrid,True,1.0
q075,policy,hybrid,True,4.0
q076,troubleshooting,hybrid,True,9.0
q077,policy,hybrid,True,4.0
q078,policy,hybrid,True,4.0
q079,incident,hybrid,True,2.0
q080,howto,hybrid,True,40.0
q081,policy,hybrid,True,2.0
q083,howto,hybrid,True,
q084,howto,hybrid,True,1.0
q085,policy,hybrid,True,
q086,troubleshooting,hybrid,True,19.0
q087,troubleshooting,hybrid,True,49.0
q088,product,hybrid,True,
q089,product,hybrid,True,1.0
q090,policy,hybrid,True,1.0
